"id","title","artist","genre","description"
"song_001","First Light","Meadow Lane","Pop","A song about finding hope after heartbreak."
"song_002","Begin Again","Harbor Echo","Indie pop","An uplifting track about starting over after a breakup."
"song_003","Summer Pulse","Neon Avenue","Dance pop","An energetic dance song for a summer party."
"song_004","Rain on the Window","Quiet Atlas","Ambient","Soft instrumental music for a quiet evening indoors while rain falls outside."
"song_005","Evening Drizzle","June Lantern","Jazz","A mellow jazz piece with gentle piano and brushed drums for winding down on a rainy night."
"song_006","Morning Resolve","Cedar Bloom","Acoustic","A hopeful acoustic song about rebuilding confidence and embracing a fresh start after a relationship ends."
"song_007","Empty Room","Velvet Shore","Pop","A slow ballad about loneliness and missing someone after a painful breakup."
"song_008","Last Letter","Paper Horizon","Folk","A bittersweet song about saying goodbye to a former partner and learning to let go."
"song_009","City After Dark","Midnight Circuit","Synthpop","A pulsing electronic track about driving through glowing city streets late at night."
"song_010","Open Road","Stone Compass","Rock","An upbeat rock song about leaving familiar places behind and discovering freedom on a road trip."
"song_011","Miles of Sky","Cedar Bloom","Folk","A warm acoustic track about travelling with friends and enjoying the journey rather than the destination."
"song_012","Dance Until Dawn","Neon Avenue","Electronic","A fast dance track with a strong beat for celebrating with friends all night."
"song_013","Golden Afternoon","Meadow Lane","Dance pop","A cheerful summer song about sunshine and dancing at an outdoor festival."
"song_014","Quiet Pages","Quiet Atlas","Ambient","A gentle instrumental piece with sparse piano and soft textures for reading or studying without distraction."
"song_015","Breathe Slowly","Cloud Orchard","Ambient","A peaceful instrumental track with flowing sounds for meditation and relaxation."
"song_016","Stronger Each Step","Ember Field","Rock","A driving rock song about perseverance and pushing through difficult moments during a workout."
"song_017","Own the Moment","Northline Verse","Hip hop","A confident rhythmic track about believing in yourself and pursuing ambitious goals."
"song_018","Homeward","Paper Horizon","Folk","A nostalgic acoustic song about returning to your hometown and remembering childhood friends."
"song_019","Old Photographs","Velvet Shore","Indie pop","A reflective song about treasured memories and the passage of time."
"song_020","Beside You","Harbor Echo","Pop","A tender love song about trust and finding comfort in a lasting relationship."
"song_021","Small Promises","June Lantern","Acoustic","A gentle romantic song about ordinary acts of kindness between two people who love each other."
"song_022","Across the Table","Meadow Lane","Indie pop","A warm song about friendship and sharing laughter with people who make you feel at home."
"song_023","Missing Your Voice","Cloud Orchard","Piano ballad","A quiet song about grieving someone who has died and holding on to their memory."
"song_024","Clear Horizon","Ember Field","Indie rock","An optimistic song about overcoming setbacks and looking forward to new possibilities."
